Workbook

Sheet 00_Mode-emploi
A1: CLASSEUR DE SUIVI - JERUSALEM GEEKS & JEREMIAH GEEKS
A3: A QUOI SERT CE CLASSEUR | B3: Il rassemble tout ce que les deux enseignants doivent savoir et noter : qui sont les eleves, comment les joindre, qui etait la, qui progresse, qui decroche, et ce qui reste a preparer.
A4: COMMENT L'OUVRIR DANS GOOGLE SHEETS | B4: Google Drive > Nouveau > Importation de fichier > choisir ce fichier .xlsx. Puis Fichier > Enregistrer au format Google Sheets. Les menus deroulants et les calculs sont conserves.
A5: QUI PEUT LE VOIR | B5: Partagez-le uniquement avec les deux enseignants (Partager > acces restreint). Il contient les coordonnees de mineurs : il ne doit jamais etre publie ni partage par lien public.
A7: LES COULEURS
A8: Fond jaune | B8: Cellules a remplir a la main.
A9: Texte vert | B9: Cellules calculees automatiquement : n'ecrivez pas dedans, vous casseriez le calcul.
A10: Texte gris italique | B10: Ligne d'exemple. Ecrivez par-dessus avec votre premier eleve.
A12: LA REGLE D'OR | B12: On ne saisit les noms QU'UNE SEULE FOIS, dans l'onglet 01_Apprenants. Tous les autres onglets les recopient tout seuls. Si un nom est vide ailleurs, c'est qu'il manque dans 01.
A14: LES ONGLETS
A15: 01_Apprenants | B15: La fiche complete de chaque eleve et les contacts des responsables. LE POINT DE DEPART.
A16: 02_Diagnostic | B16: Les resultats du Test de Decollage et le profil P0 a P3. Interne aux enseignants : jamais communique.
A17: 03_Presence | B17: La feuille de presence des 22 seances, avec le taux calcule.
A18: 04_Suivi-seances | B18: Ce que chaque eleve a produit a chaque seance, et sur quelle piste. La colonne ALERTE se declenche toute seule.
A19: 05_Observations | B19: Le journal : une ligne par fait marquant, avec l'action decidee et si elle a ete faite.
A20: 06_Binomes | B20: Qui travaille avec qui, a quel poste, seance par seance.
A21: 07_Badges-Grades | B21: Les badges distribues et le grade atteint.
A22: 08_Passeport | B22: Les 12 gestes machine, valides oralement. Remplace le livret papier.
A23: 09_Checklist-S01 | B23: Tout ce qu'il reste a preparer avant la seance 1, avec un responsable et une date.
A24: 10_Journal-enseignants | B24: La revue de 15 minutes apres chaque seance : 3 questions, et ce qu'on decide.
A25: 11_Materiel | B25: L'inventaire : ce qui est imprime, achete, installe.
A26: 12_Tableau-de-bord | B26: Les indicateurs calcules automatiquement. A regarder une fois par mois.
... A29: LE DECLENCHEUR A SURVEILLER | B29: Dans 04_Suivi-seances, la colonne ALERTE passe a OUI des qu'un eleve cumule deux seances de suite sans production. Cet eleve entre sur la LISTE DES 10 MINUTES : le Mecanicien lui consacre 10 minutes en tete-a-tete a la seance suivante. C'est un rendez-vous, pas une punition -- et c'est ce qui empeche un decrochage silencieux de devenir un abandon.

Sheet 01_Apprenants
A1: FICHE DES APPRENANTS
A2: On saisit les noms ICI et nulle part ailleurs : les autres onglets les recopient automatiquement. Ecrivez par-dessus la ligne d'exemple.
A3: N° | B3: NOM | C3: Prenom | D3: Classe | E3: Date de naissance | F3: Age | G3: Ecole | H3: Niveau scolaire | I3: Tel. eleve | J3: Email eleve | K3: RESPONSABLE 1 - Nom | L3: Lien | M3: Telephone 1 | N3: WhatsApp ? | O3: Email 1 | P3: RESPONSABLE 2 - Nom | Q3: Lien | R3: Telephone 2 | S3: Quartier / Adresse | T3: Contact d'urgence (nom + tel) | U3: Sante / allergies a connaitre | V3: Autorisation photo | W3: Ordinateur a la maison | X3: Internet a la maison | Y3: Comment vient-il ? | Z3: Date d'inscription | AA3: Statut | AB3: Remarques
A4: 1 | B4: KOUASSI | C4: Awa | D4: Jerusalem Geeks | E4: 12/03/2015 | F4: =IF(E4="","",DATEDIF(E4,TODAY(),"Y")) | G4: EPP Riviera | H4: CM2 | K4: KOUASSI Marie | L4: Mere | M4: 07 00 00 00 00 | N4: Oui | O4: marie.k@exemple.com | P4: KOUASSI Jean | Q4: Pere | R4: 05 00 00 00 00 | S4: Riviera 2, rue des Jardins | T4: KOUASSI Marie - 07 00 00 00 00 | U4: Asthme leger - inhalateur dans le sac | V4: Oui | W4: Oui partage | X4: Parfois | Y4: A pied avec sa soeur | Z4: 05/09/2026 | AA4: Actif | AB4: Tres timide, ne demande jamais d'aide
A5: 2 | F5: =IF(E5="","",DATEDIF(E5,TODAY(),"Y"))
A6: 3 | F6: =IF(E6="","",DATEDIF(E6,TODAY(),"Y"))
A7: 4 | F7: =IF(E7="","",DATEDIF(E7,TODAY(),"Y"))
A8: 5 | F8: =IF(E8="","",DATEDIF(E8,TODAY(),"Y"))
A9: 6 | F9: =IF(E9="","",DATEDIF(E9,TODAY(),"Y"))
A10: 7 | F10: =IF(E10="","",DATEDIF(E10,TODAY(),"Y"))
A11: 8 | F11: =IF(E11="","",DATEDIF(E11,TODAY(),"Y"))
A12: 9 | F12: =IF(E12="","",DATEDIF(E12,TODAY(),"Y"))
A13: 10 | F13: =IF(E13="","",DATEDIF(E13,TODAY(),"Y"))
A14: 11 | F14: =IF(E14="","",DATEDIF(E14,TODAY(),"Y"))
A15: 12 | F15: =IF(E15="","",DATEDIF(E15,TODAY(),"Y"))
A16: 13 | F16: =IF(E16="","",DATEDIF(E16,TODAY(),"Y"))
... A33: 30 | F33: =IF(E33="","",DATEDIF(E33,TODAY(),"Y"))

Sheet 02_Diagnostic
A1: TEST DE DECOLLAGE - DIAGNOSTIC (SEANCE 1)
A2: INTERNE AUX ENSEIGNANTS. Ces resultats ne sont communiques ni aux eleves ni aux familles. La colonne la plus importante est 'Face a la difficulte'.
A3: N° | B3: NOM | C3: Prenom | D3: Classe | E3: Pilotage /6 | F3: Logique /4 | G3: Deja code ? | H3: Anglais | I3: Frappe clavier | J3: Face a la difficulte | K3: PROFIL | L3: Piste conseillee | M3: Remarques (ecrire tout de suite) | N3: Reevaluation S5 | O3: Reevaluation S12
A4: 1 | B4: =IF('01_Apprenants'!B4="","",'01_Apprenants'!B4) | C4: =IF('01_Apprenants'!C4="","",'01_Apprenants'!C4) | D4: =IF('01_Apprenants'!D4="","",'01_Apprenants'!D4) | L4: =IF(K4="","",IF(LEFT(K4,2)="P0","Bleue",IF(LEFT(K4,2)="P3","Noire","Rouge")))
A5: 2 | B5: =IF('01_Apprenants'!B5="","",'01_Apprenants'!B5) | C5: =IF('01_Apprenants'!C5="","",'01_Apprenants'!C5) | D5: =IF('01_Apprenants'!D5="","",'01_Apprenants'!D5) | L5: =IF(K5="","",IF(LEFT(K5,2)="P0","Bleue",IF(LEFT(K5,2)="P3","Noire","Rouge")))
A6: 3 | B6: =IF('01_Apprenants'!B6="","",'01_Apprenants'!B6) | C6: =IF('01_Apprenants'!C6="","",'01_Apprenants'!C6) | D6: =IF('01_Apprenants'!D6="","",'01_Apprenants'!D6) | L6: =IF(K6="","",IF(LEFT(K6,2)="P0","Bleue",IF(LEFT(K6,2)="P3","Noire","Rouge")))
A7: 4 | B7: =IF('01_Apprenants'!B7="","",'01_Apprenants'!B7) | C7: =IF('01_Apprenants'!C7="","",'01_Apprenants'!C7) | D7: =IF('01_Apprenants'!D7="","",'01_Apprenants'!D7) | L7: =IF(K7="","",IF(LEFT(K7,2)="P0","Bleue",IF(LEFT(K7,2)="P3","Noire","Rouge")))
A8: 5 | B8: =IF('01_Apprenants'!B8="","",'01_Apprenants'!B8) | C8: =IF('01_Apprenants'!C8="","",'01_Apprenants'!C8) | D8: =IF('01_Apprenants'!D8="","",'01_Apprenants'!D8) | L8: =IF(K8="","",IF(LEFT(K8,2)="P0","Bleue",IF(LEFT(K8,2)="P3","Noire","Rouge")))
A9: 6 | B9: =IF('01_Apprenants'!B9="","",'01_Apprenants'!B9) | C9: =IF('01_Apprenants'!C9="","",'01_Apprenants'!C9) | D9: =IF('01_Apprenants'!D9="","",'01_Apprenants'!D9) | L9: =IF(K9="","",IF(LEFT(K9,2)="P0","Bleue",IF(LEFT(K9,2)="P3","Noire","Rouge")))
A10: 7 | B10: =IF('01_Apprenants'!B10="","",'01_Apprenants'!B10) | C10: =IF('01_Apprenants'!C10="","",'01_Apprenants'!C10) | D10: =IF('01_Apprenants'!D10="","",'01_Apprenants'!D10) | L10: =IF(K10="","",IF(LEFT(K10,2)="P0","Bleue",IF(LEFT(K10,2)="P3","Noire","Rouge")))
A11: 8 | B11: =IF('01_Apprenants'!B11="","",'01_Apprenants'!B11) | C11: =IF('01_Apprenants'!C11="","",'01_Apprenants'!C11) | D11: =IF('01_Apprenants'!D11="","",'01_Apprenants'!D11) | L11: =IF(K11="","",IF(LEFT(K11,2)="P0","Bleue",IF(LEFT(K11,2)="P3","Noire","Rouge")))
A12: 9 | B12: =IF('01_Apprenants'!B12="","",'01_Apprenants'!B12) | C12: =IF('01_Apprenants'!C12="","",'01_Apprenants'!C12) | D12: =IF('01_Apprenants'!D12="","",'01_Apprenants'!D12) | L12: =IF(K12="","",IF(LEFT(K12,2)="P0","Bleue",IF(LEFT(K12,2)="P3","Noire","Rouge")))
A13: 10 | B13: =IF('01_Apprenants'!B13="","",'01_Apprenants'!B13) | C13: =IF('01_Apprenants'!C13="","",'01_Apprenants'!C13) | D13: =IF('01_Apprenants'!D13="","",'01_Apprenants'!D13) | L13: =IF(K13="","",IF(LEFT(K13,2)="P0","Bleue",IF(LEFT(K13,2)="P3","Noire","Rouge")))
A14: 11 | B14: =IF('01_Apprenants'!B14="","",'01_Apprenants'!B14) | C14: =IF('01_Apprenants'!C14="","",'01_Apprenants'!C14) | D14: =IF('01_Apprenants'!D14="","",'01_Apprenants'!D14) | L14: =IF(K14="","",IF(LEFT(K14,2)="P0","Bleue",IF(LEFT(K14,2)="P3","Noire","Rouge")))
A15: 12 | B15: =IF('01_Apprenants'!B15="","",'01_Apprenants'!B15) | C15: =IF('01_Apprenants'!C15="","",'01_Apprenants'!C15) | D15: =IF('01_Apprenants'!D15="","",'01_Apprenants'!D15) | L15: =IF(K15="","",IF(LEFT(K15,2)="P0","Bleue",IF(LEFT(K15,2)="P3","Noire","Rouge")))
... A33: 30 | B33: =IF('01_Apprenants'!B33="","",'01_Apprenants'!B33) | C33: =IF('01_Apprenants'!C33="","",'01_Apprenants'!C33) | D33: =IF('01_Apprenants'!D33="","",'01_Apprenants'!D33) | L33: =IF(K33="","",IF(LEFT(K33,2)="P0","Bleue",IF(LEFT(K33,2)="P3","Noire","Rouge")))

Sheet 03_Presence
A1: FEUILLE DE PRESENCE
A2: P = present R = retard E = excuse A = absent. Le total et le taux se calculent tout seuls. Une absence est le premier facteur d'abandon : appelez la famille des la 2e.
A3: N° | B3: NOM | C3: Prenom | D3: Classe | E3: S01 | F3: S02 | G3: S03 | H3: S04 | I3: S05 | J3: S06 | K3: S07 | L3: S08 | M3: S09 | N3: S10 | O3: S11 | P3: S12 | Q3: S13 | R3: S14 | S3: S15 | T3: S16 | U3: S17 | V3: S18 | W3: S19 | X3: S20 | Y3: S21 | Z3: S22 | AA3: Presences | AB3: Absences | AC3: Taux
A4: 1 | B4: =IF('01_Apprenants'!B4="","",'01_Apprenants'!B4) | C4: =IF('01_Apprenants'!C4="","",'01_Apprenants'!C4) | D4: =IF('01_Apprenants'!D4="","",'01_Apprenants'!D4) | AA4: =IF('01_Apprenants'!B4="","",COUNTIF(E4:Z4,"P*")+COUNTIF(E4:Z4,"R*")) | AB4: =IF('01_Apprenants'!B4="","",COUNTIF(E4:Z4,"A*")) | AC4: =IF(COUNTA(E4:Z4)=0,"",AA4/COUNTA(E4:Z4))
A5: 2 | B5: =IF('01_Apprenants'!B5="","",'01_Apprenants'!B5) | C5: =IF('01_Apprenants'!C5="","",'01_Apprenants'!C5) | D5: =IF('01_Apprenants'!D5="","",'01_Apprenants'!D5) | AA5: =IF('01_Apprenants'!B5="","",COUNTIF(E5:Z5,"P*")+COUNTIF(E5:Z5,"R*")) | AB5: =IF('01_Apprenants'!B5="","",COUNTIF(E5:Z5,"A*")) | AC5: =IF(COUNTA(E5:Z5)=0,"",AA5/COUNTA(E5:Z5))
A6: 3 | B6: =IF('01_Apprenants'!B6="","",'01_Apprenants'!B6) | C6: =IF('01_Apprenants'!C6="","",'01_Apprenants'!C6) | D6: =IF('01_Apprenants'!D6="","",'01_Apprenants'!D6) | AA6: =IF('01_Apprenants'!B6="","",COUNTIF(E6:Z6,"P*")+COUNTIF(E6:Z6,"R*")) | AB6: =IF('01_Apprenants'!B6="","",COUNTIF(E6:Z6,"A*")) | AC6: =IF(COUNTA(E6:Z6)=0,"",AA6/COUNTA(E6:Z6))
A7: 4 | B7: =IF('01_Apprenants'!B7="","",'01_Apprenants'!B7) | C7: =IF('01_Apprenants'!C7="","",'01_Apprenants'!C7) | D7: =IF('01_Apprenants'!D7="","",'01_Apprenants'!D7) | AA7: =IF('01_Apprenants'!B7="","",COUNTIF(E7:Z7,"P*")+COUNTIF(E7:Z7,"R*")) | AB7: =IF('01_Apprenants'!B7="","",COUNTIF(E7:Z7,"A*")) | AC7: =IF(COUNTA(E7:Z7)=0,"",AA7/COUNTA(E7:Z7))
A8: 5 | B8: =IF('01_Apprenants'!B8="","",'01_Apprenants'!B8) | C8: =IF('01_Apprenants'!C8="","",'01_Apprenants'!C8) | D8: =IF('01_Apprenants'!D8="","",'01_Apprenants'!D8) | AA8: =IF('01_Apprenants'!B8="","",COUNTIF(E8:Z8,"P*")+COUNTIF(E8:Z8,"R*")) | AB8: =IF('01_Apprenants'!B8="","",COUNTIF(E8:Z8,"A*")) | AC8: =IF(COUNTA(E8:Z8)=0,"",AA8/COUNTA(E8:Z8))
A9: 6 | B9: =IF('01_Apprenants'!B9="","",'01_Apprenants'!B9) | C9: =IF('01_Apprenants'!C9="","",'01_Apprenants'!C9) | D9: =IF('01_Apprenants'!D9="","",'01_Apprenants'!D9) | AA9: =IF('01_Apprenants'!B9="","",COUNTIF(E9:Z9,"P*")+COUNTIF(E9:Z9,"R*")) | AB9: =IF('01_Apprenants'!B9="","",COUNTIF(E9:Z9,"A*")) | AC9: =IF(COUNTA(E9:Z9)=0,"",AA9/COUNTA(E9:Z9))
A10: 7 | B10: =IF('01_Apprenants'!B10="","",'01_Apprenants'!B10) | C10: =IF('01_Apprenants'!C10="","",'01_Apprenants'!C10) | D10: =IF('01_Apprenants'!D10="","",'01_Apprenants'!D10) | AA10: =IF('01_Apprenants'!B10="","",COUNTIF(E10:Z10,"P*")+COUNTIF(E10:Z10,"R*")) | AB10: =IF('01_Apprenants'!B10="","",COUNTIF(E10:Z10,"A*")) | AC10: =IF(COUNTA(E10:Z10)=0,"",AA10/COUNTA(E10:Z10))
A11: 8 | B11: =IF('01_Apprenants'!B11="","",'01_Apprenants'!B11) | C11: =IF('01_Apprenants'!C11="","",'01_Apprenants'!C11) | D11: =IF('01_Apprenants'!D11="","",'01_Apprenants'!D11) | AA11: =IF('01_Apprenants'!B11="","",COUNTIF(E11:Z11,"P*")+COUNTIF(E11:Z11,"R*")) | AB11: =IF('01_Apprenants'!B11="","",COUNTIF(E11:Z11,"A*")) | AC11: =IF(COUNTA(E11:Z11)=0,"",AA11/COUNTA(E11:Z11))
A12: 9 | B12: =IF('01_Apprenants'!B12="","",'01_Apprenants'!B12) | C12: =IF('01_Apprenants'!C12="","",'01_Apprenants'!C12) | D12: =IF('01_Apprenants'!D12="","",'01_Apprenants'!D12) | AA12: =IF('01_Apprenants'!B12="","",COUNTIF(E12:Z12,"P*")+COUNTIF(E12:Z12,"R*")) | AB12: =IF('01_Apprenants'!B12="","",COUNTIF(E12:Z12,"A*")) | AC12: =IF(COUNTA(E12:Z12)=0,"",AA12/COUNTA(E12:Z12))
A13: 10 | B13: =IF('01_Apprenants'!B13="","",'01_Apprenants'!B13) | C13: =IF('01_Apprenants'!C13="","",'01_Apprenants'!C13) | D13: =IF('01_Apprenants'!D13="","",'01_Apprenants'!D13) | AA13: =IF('01_Apprenants'!B13="","",COUNTIF(E13:Z13,"P*")+COUNTIF(E13:Z13,"R*")) | AB13: =IF('01_Apprenants'!B13="","",COUNTIF(E13:Z13,"A*")) | AC13: =IF(COUNTA(E13:Z13)=0,"",AA13/COUNTA(E13:Z13))
A14: 11 | B14: =IF('01_Apprenants'!B14="","",'01_Apprenants'!B14) | C14: =IF('01_Apprenants'!C14="","",'01_Apprenants'!C14) | D14: =IF('01_Apprenants'!D14="","",'01_Apprenants'!D14) | AA14: =IF('01_Apprenants'!B14="","",COUNTIF(E14:Z14,"P*")+COUNTIF(E14:Z14,"R*")) | AB14: =IF('01_Apprenants'!B14="","",COUNTIF(E14:Z14,"A*")) | AC14: =IF(COUNTA(E14:Z14)=0,"",AA14/COUNTA(E14:Z14))
A15: 12 | B15: =IF('01_Apprenants'!B15="","",'01_Apprenants'!B15) | C15: =IF('01_Apprenants'!C15="","",'01_Apprenants'!C15) | D15: =IF('01_Apprenants'!D15="","",'01_Apprenants'!D15) | AA15: =IF('01_Apprenants'!B15="","",COUNTIF(E15:Z15,"P*")+COUNTIF(E15:Z15,"R*")) | AB15: =IF('01_Apprenants'!B15="","",COUNTIF(E15:Z15,"A*")) | AC15: =IF(COUNTA(E15:Z15)=0,"",AA15/COUNTA(E15:Z15))
... A33: 30 | B33: =IF('01_Apprenants'!B33="","",'01_Apprenants'!B33) | C33: =IF('01_Apprenants'!C33="","",'01_Apprenants'!C33) | D33: =IF('01_Apprenants'!D33="","",'01_Apprenants'!D33) | AA33: =IF('01_Apprenants'!B33="","",COUNTIF(E33:Z33,"P*")+COUNTIF(E33:Z33,"R*")) | AB33: =IF('01_Apprenants'!B33="","",COUNTIF(E33:Z33,"A*")) | AC33: =IF(COUNTA(E33:Z33)=0,"",AA33/COUNTA(E33:Z33))

Sheet 04_Suivi-seances
A1: SUIVI DES SEANCES - QUI A PRODUIT SA BRIQUE ?
A2: V-Bleue / V-Rouge / V-Noire = brique produite, et sur quelle piste. Partielle = commencee mais pas finie. Rien = rien produit. La colonne ALERTE passe a OUI apres deux seances de suite sans production.
A3: N° | B3: NOM | C3: Prenom | D3: Classe | E3: S01 | F3: S02 | G3: S03 | H3: S04 | I3: S05 | J3: S06 | K3: S07 | L3: S08 | M3: S09 | N3: S10 | O3: S11 | P3: S12 | Q3: S13 | R3: S14 | S3: S15 | T3: S16 | U3: S17 | V3: S18 | W3: S19 | X3: S20 | Y3: S21 | Z3: S22 | AA3: Briques | AB3: Partielles | AC3: Manquees | AD3: ALERTE 10 min
A4: 1 | B4: =IF('01_Apprenants'!B4="","",'01_Apprenants'!B4) | C4: =IF('01_Apprenants'!C4="","",'01_Apprenants'!C4) | D4: =IF('01_Apprenants'!D4="","",'01_Apprenants'!D4) | AA4: =IF('01_Apprenants'!B4="","",COUNTIF(E4:Z4,"V*")) | AB4: =IF('01_Apprenants'!B4="","",COUNTIF(E4:Z4,"Partielle")) | AC4: =IF('01_Apprenants'!B4="","",COUNTIF(E4:Z4,"Rien")) | AD4: =IF(SUMPRODUCT(((E4:Y4="Partielle")+(E4:Y4="Rien"))*((F4:Z4="Partielle")+(F4:Z4="Rien")))>0,"OUI","")
A5: 2 | B5: =IF('01_Apprenants'!B5="","",'01_Apprenants'!B5) | C5: =IF('01_Apprenants'!C5="","",'01_Apprenants'!C5) | D5: =IF('01_Apprenants'!D5="","",'01_Apprenants'!D5) | AA5: =IF('01_Apprenants'!B5="","",COUNTIF(E5:Z5,"V*")) | AB5: =IF('01_Apprenants'!B5="","",COUNTIF(E5:Z5,"Partielle")) | AC5: =IF('01_Apprenants'!B5="","",COUNTIF(E5:Z5,"Rien")) | AD5: =IF(SUMPRODUCT(((E5:Y5="Partielle")+(E5:Y5="Rien"))*((F5:Z5="Partielle")+(F5:Z5="Rien")))>0,"OUI","")
A6: 3 | B6: =IF('01_Apprenants'!B6="","",'01_Apprenants'!B6) | C6: =IF('01_Apprenants'!C6="","",'01_Apprenants'!C6) | D6: =IF('01_Apprenants'!D6="","",'01_Apprenants'!D6) | AA6: =IF('01_Apprenants'!B6="","",COUNTIF(E6:Z6,"V*")) | AB6: =IF('01_Apprenants'!B6="","",COUNTIF(E6:Z6,"Partielle")) | AC6: =IF('01_Apprenants'!B6="","",COUNTIF(E6:Z6,"Rien")) | AD6: =IF(SUMPRODUCT(((E6:Y6="Partielle")+(E6:Y6="Rien"))*((F6:Z6="Partielle")+(F6:Z6="Rien")))>0,"OUI","")
A7: 4 | B7: =IF('01_Apprenants'!B7="","",'01_Apprenants'!B7) | C7: =IF('01_Apprenants'!C7="","",'01_Apprenants'!C7) | D7: =IF('01_Apprenants'!D7="","",'01_Apprenants'!D7) | AA7: =IF('01_Apprenants'!B7="","",COUNTIF(E7:Z7,"V*")) | AB7: =IF('01_Apprenants'!B7="","",COUNTIF(E7:Z7,"Partielle")) | AC7: =IF('01_Apprenants'!B7="","",COUNTIF(E7:Z7,"Rien")) | AD7: =IF(SUMPRODUCT(((E7:Y7="Partielle")+(E7:Y7="Rien"))*((F7:Z7="Partielle")+(F7:Z7="Rien")))>0,"OUI","")
A8: 5 | B8: =IF('01_Apprenants'!B8="","",'01_Apprenants'!B8) | C8: =IF('01_Apprenants'!C8="","",'01_Apprenants'!C8) | D8: =IF('01_Apprenants'!D8="","",'01_Apprenants'!D8) | AA8: =IF('01_Apprenants'!B8="","",COUNTIF(E8:Z8,"V*")) | AB8: =IF('01_Apprenants'!B8="","",COUNTIF(E8:Z8,"Partielle")) | AC8: =IF('01_Apprenants'!B8="","",COUNTIF(E8:Z8,"Rien")) | AD8: =IF(SUMPRODUCT(((E8:Y8="Partielle")+(E8:Y8="Rien"))*((F8:Z8="Partielle")+(F8:Z8="Rien")))>0,"OUI","")
A9: 6 | B9: =IF('01_Apprenants'!B9="","",'01_Apprenants'!B9) | C9: =IF('01_Apprenants'!C9="","",'01_Apprenants'!C9) | D9: =IF('01_Apprenants'!D9="","",'01_Apprenants'!D9) | AA9: =IF('01_Apprenants'!B9="","",COUNTIF(E9:Z9,"V*")) | AB9: =IF('01_Apprenants'!B9="","",COUNTIF(E9:Z9,"Partielle")) | AC9: =IF('01_Apprenants'!B9="","",COUNTIF(E9:Z9,"Rien")) | AD9: =IF(SUMPRODUCT(((E9:Y9="Partielle")+(E9:Y9="Rien"))*((F9:Z9="Partielle")+(F9:Z9="Rien")))>0,"OUI","")
A10: 7 | B10: =IF('01_Apprenants'!B10="","",'01_Apprenants'!B10) | C10: =IF('01_Apprenants'!C10="","",'01_Apprenants'!C10) | D10: =IF('01_Apprenants'!D10="","",'01_Apprenants'!D10) | AA10: =IF('01_Apprenants'!B10="","",COUNTIF(E10:Z10,"V*")) | AB10: =IF('01_Apprenants'!B10="","",COUNTIF(E10:Z10,"Partielle")) | AC10: =IF('01_Apprenants'!B10="","",COUNTIF(E10:Z10,"Rien")) | AD10: =IF(SUMPRODUCT(((E10:Y10="Partielle")+(E10:Y10="Rien"))*((F10:Z10="Partielle")+(F10:Z10="Rien")))>0,"OUI","")
A11: 8 | B11: =IF('01_Apprenants'!B11="","",'01_Apprenants'!B11) | C11: =IF('01_Apprenants'!C11="","",'01_Apprenants'!C11) | D11: =IF('01_Apprenants'!D11="","",'01_Apprenants'!D11) | AA11: =IF('01_Apprenants'!B11="","",COUNTIF(E11:Z11,"V*")) | AB11: =IF('01_Apprenants'!B11="","",COUNTIF(E11:Z11,"Partielle")) | AC11: =IF('01_Apprenants'!B11="","",COUNTIF(E11:Z11,"Rien")) | AD11: =IF(SUMPRODUCT(((E11:Y11="Partielle")+(E11:Y11="Rien"))*((F11:Z11="Partielle")+(F11:Z11="Rien")))>0,"OUI","")
A12: 9 | B12: =IF('01_Apprenants'!B12="","",'01_Apprenants'!B12) | C12: =IF('01_Apprenants'!C12="","",'01_Apprenants'!C12) | D12: =IF('01_Apprenants'!D12="","",'01_Apprenants'!D12) | AA12: =IF('01_Apprenants'!B12="","",COUNTIF(E12:Z12,"V*")) | AB12: =IF('01_Apprenants'!B12="","",COUNTIF(E12:Z12,"Partielle")) | AC12: =IF('01_Apprenants'!B12="","",COUNTIF(E12:Z12,"Rien")) | AD12: =IF(SUMPRODUCT(((E12:Y12="Partielle")+(E12:Y12="Rien"))*((F12:Z12="Partielle")+(F12:Z12="Rien")))>0,"OUI","")
A13: 10 | B13: =IF('01_Apprenants'!B13="","",'01_Apprenants'!B13) | C13: =IF('01_Apprenants'!C13="","",'01_Apprenants'!C13) | D13: =IF('01_Apprenants'!D13="","",'01_Apprenants'!D13) | AA13: =IF('01_Apprenants'!B13="","",COUNTIF(E13:Z13,"V*")) | AB13: =IF('01_Apprenants'!B13="","",COUNTIF(E13:Z13,"Partielle")) | AC13: =IF('01_Apprenants'!B13="","",COUNTIF(E13:Z13,"Rien")) | AD13: =IF(SUMPRODUCT(((E13:Y13="Partielle")+(E13:Y13="Rien"))*((F13:Z13="Partielle")+(F13:Z13="Rien")))>0,"OUI","")
A14: 11 | B14: =IF('01_Apprenants'!B14="","",'01_Apprenants'!B14) | C14: =IF('01_Apprenants'!C14="","",'01_Apprenants'!C14) | D14: =IF('01_Apprenants'!D14="","",'01_Apprenants'!D14) | AA14: =IF('01_Apprenants'!B14="","",COUNTIF(E14:Z14,"V*")) | AB14: =IF('01_Apprenants'!B14="","",COUNTIF(E14:Z14,"Partielle")) | AC14: =IF('01_Apprenants'!B14="","",COUNTIF(E14:Z14,"Rien")) | AD14: =IF(SUMPRODUCT(((E14:Y14="Partielle")+(E14:Y14="Rien"))*((F14:Z14="Partielle")+(F14:Z14="Rien")))>0,"OUI","")
A15: 12 | B15: =IF('01_Apprenants'!B15="","",'01_Apprenants'!B15) | C15: =IF('01_Apprenants'!C15="","",'01_Apprenants'!C15) | D15: =IF('01_Apprenants'!D15="","",'01_Apprenants'!D15) | AA15: =IF('01_Apprenants'!B15="","",COUNTIF(E15:Z15,"V*")) | AB15: =IF('01_Apprenants'!B15="","",COUNTIF(E15:Z15,"Partielle")) | AC15: =IF('01_Apprenants'!B15="","",COUNTIF(E15:Z15,"Rien")) | AD15: =IF(SUMPRODUCT(((E15:Y15="Partielle")+(E15:Y15="Rien"))*((F15:Z15="Partielle")+(F15:Z15="Rien")))>0,"OUI","")
... A33: 30 | B33: =IF('01_Apprenants'!B33="","",'01_Apprenants'!B33) | C33: =IF('01_Apprenants'!C33="","",'01_Apprenants'!C33) | D33: =IF('01_Apprenants'!D33="","",'01_Apprenants'!D33) | AA33: =IF('01_Apprenants'!B33="","",COUNTIF(E33:Z33,"V*")) | AB33: =IF('01_Apprenants'!B33="","",COUNTIF(E33:Z33,"Partielle")) | AC33: =IF('01_Apprenants'!B33="","",COUNTIF(E33:Z33,"Rien")) | AD33: =IF(SUMPRODUCT(((E33:Y33="Partielle")+(E33:Y33="Rien"))*((F33:Z33="Partielle")+(F33:Z33="Rien")))>0,"OUI","")

Sheet 05_Observations
A1: JOURNAL DES OBSERVATIONS
A2: Une ligne par fait marquant. Ecrivez le soir meme : on oublie tres vite. Une observation sans action decidee ne sert a rien.
A3: Date | B3: Seance | C3: Eleve | D3: Type | E3: Ce que j'ai observe | F3: Action decidee | G3: Qui s'en occupe | H3: Pour quand | I3: Fait ?
A4: 05/09/2026 | B4: S01 | C4: KOUASSI Awa | D4: Difficulte | E4: N'a pas ose lever la carte orange de toute la seance. Bloquee 10 min sur un guillemet. | F4: Rappeler a toute la classe que la carte sert justement a ne pas avoir a parler. La placer avec un binome patient. | G4: Mecanicien | H4: 12/09/2026 | I4: A faire

Sheet 06_Binomes
A1: COMPOSITION DES BINOMES
A2: Regle : un ecart d'UN niveau maximum. Jamais un P0 avec un P3 -- sinon le P3 fait tout et le P0 regarde. Rotation des binomes toutes les 3 seances.
A3: Seance | B3: Poste n° | C3: Eleve A (pilote en 1er) | D3: Profil A | E3: Eleve B (copilote) | F3: Profil B | G3: 3e eleve (trinome) | H3: Ca s'est bien passe ? | I3: Remarques
A4: S01 | B4: 1 | C4: KOUASSI Awa | D4: P0 Decouvreur | E4: DIALLO Ibrahim | F4: P1 Initie | I4: Awa n'ose pas taper : rappeler la rotation
A5: S01 | B5: 2
A6: S01 | B6: 3
A7: S01 | B7: 4
A8: S01 | B8: 5
A9: S01 | B9: 6
A10: S01 | B10: 7
A11: S01 | B11: 8
A12: S01 | B12: 9
A13: S01 | B13: 10
A14: S01 | B14: 11
A15: S01 | B15: 12

Sheet 07_Badges-Grades
A1: BADGES ET GRADES
A2: On note le NOMBRE de fois ou le badge a ete donne. Objectif : chaque eleve repart avec au moins un badge par seance. Le badge 'Perseverant' est le plus important du dispositif.
A3: N° | B3: NOM | C3: Prenom | D3: Classe | E3: Batisseur | F3: Bon copilote | G3: Chasseur de bug | H3: Sauveteur | I3: Traducteur d'erreur | J3: Perseverant | K3: Question en or | L3: Zero indentation | M3: Testeur impitoyable | N3: Beau design | O3: Explorateur | P3: Piste Noire | Q3: Presentateur | R3: TOTAL | S3: GRADE ACTUEL | T3: Date du grade
A4: 1 | B4: =IF('01_Apprenants'!B4="","",'01_Apprenants'!B4) | C4: =IF('01_Apprenants'!C4="","",'01_Apprenants'!C4) | D4: =IF('01_Apprenants'!D4="","",'01_Apprenants'!D4) | R4: =IF('01_Apprenants'!B4="","",SUM(E4:Q4))
A5: 2 | B5: =IF('01_Apprenants'!B5="","",'01_Apprenants'!B5) | C5: =IF('01_Apprenants'!C5="","",'01_Apprenants'!C5) | D5: =IF('01_Apprenants'!D5="","",'01_Apprenants'!D5) | R5: =IF('01_Apprenants'!B5="","",SUM(E5:Q5))
A6: 3 | B6: =IF('01_Apprenants'!B6="","",'01_Apprenants'!B6) | C6: =IF('01_Apprenants'!C6="","",'01_Apprenants'!C6) | D6: =IF('01_Apprenants'!D6="","",'01_Apprenants'!D6) | R6: =IF('01_Apprenants'!B6="","",SUM(E6:Q6))
A7: 4 | B7: =IF('01_Apprenants'!B7="","",'01_Apprenants'!B7) | C7: =IF('01_Apprenants'!C7="","",'01_Apprenants'!C7) | D7: =IF('01_Apprenants'!D7="","",'01_Apprenants'!D7) | R7: =IF('01_Apprenants'!B7="","",SUM(E7:Q7))
A8: 5 | B8: =IF('01_Apprenants'!B8="","",'01_Apprenants'!B8) | C8: =IF('01_Apprenants'!C8="","",'01_Apprenants'!C8) | D8: =IF('01_Apprenants'!D8="","",'01_Apprenants'!D8) | R8: =IF('01_Apprenants'!B8="","",SUM(E8:Q8))
A9: 6 | B9: =IF('01_Apprenants'!B9="","",'01_Apprenants'!B9) | C9: =IF('01_Apprenants'!C9="","",'01_Apprenants'!C9) | D9: =IF('01_Apprenants'!D9="","",'01_Apprenants'!D9) | R9: =IF('01_Apprenants'!B9="","",SUM(E9:Q9))
A10: 7 | B10: =IF('01_Apprenants'!B10="","",'01_Apprenants'!B10) | C10: =IF('01_Apprenants'!C10="","",'01_Apprenants'!C10) | D10: =IF('01_Apprenants'!D10="","",'01_Apprenants'!D10) | R10: =IF('01_Apprenants'!B10="","",SUM(E10:Q10))
A11: 8 | B11: =IF('01_Apprenants'!B11="","",'01_Apprenants'!B11) | C11: =IF('01_Apprenants'!C11="","",'01_Apprenants'!C11) | D11: =IF('01_Apprenants'!D11="","",'01_Apprenants'!D11) | R11: =IF('01_Apprenants'!B11="","",SUM(E11:Q11))
A12: 9 | B12: =IF('01_Apprenants'!B12="","",'01_Apprenants'!B12) | C12: =IF('01_Apprenants'!C12="","",'01_Apprenants'!C12) | D12: =IF('01_Apprenants'!D12="","",'01_Apprenants'!D12) | R12: =IF('01_Apprenants'!B12="","",SUM(E12:Q12))
A13: 10 | B13: =IF('01_Apprenants'!B13="","",'01_Apprenants'!B13) | C13: =IF('01_Apprenants'!C13="","",'01_Apprenants'!C13) | D13: =IF('01_Apprenants'!D13="","",'01_Apprenants'!D13) | R13: =IF('01_Apprenants'!B13="","",SUM(E13:Q13))
A14: 11 | B14: =IF('01_Apprenants'!B14="","",'01_Apprenants'!B14) | C14: =IF('01_Apprenants'!C14="","",'01_Apprenants'!C14) | D14: =IF('01_Apprenants'!D14="","",'01_Apprenants'!D14) | R14: =IF('01_Apprenants'!B14="","",SUM(E14:Q14))
A15: 12 | B15: =IF('01_Apprenants'!B15="","",'01_Apprenants'!B15) | C15: =IF('01_Apprenants'!C15="","",'01_Apprenants'!C15) | D15: =IF('01_Apprenants'!D15="","",'01_Apprenants'!D15) | R15: =IF('01_Apprenants'!B15="","",SUM(E15:Q15))
... A33: 30 | B33: =IF('01_Apprenants'!B33="","",'01_Apprenants'!B33) | C33: =IF('01_Apprenants'!C33="","",'01_Apprenants'!C33) | D33: =IF('01_Apprenants'!D33="","",'01_Apprenants'!D33) | R33: =IF('01_Apprenants'!B33="","",SUM(E33:Q33))

Sheet 08_Passeport
A1: PASSEPORT MACHINE - LES 12 GESTES
A2: Remplace le livret papier. Validation ORALE pendant l'atelier ('montre-moi'), cochee le soir. Le geste 12 est un objectif de FIN de parcours, travaille 5 min chaque samedi.
A3: N° | B3: NOM | C3: Prenom | D3: Classe | E3: G1 | F3: G2 | G3: G3 | H3: G4 | I3: G5 | J3: G6 | K3: G7 | L3: G8 | M3: G9 | N3: G10 | O3: G11 | P3: G12 | Q3: Acquis | R3: %
A4: 1 | B4: =IF('01_Apprenants'!B4="","",'01_Apprenants'!B4) | C4: =IF('01_Apprenants'!C4="","",'01_Apprenants'!C4) | D4: =IF('01_Apprenants'!D4="","",'01_Apprenants'!D4) | Q4: =IF('01_Apprenants'!B4="","",COUNTIF(E4:P4,"V")) | R4: =IF(Q4="","",Q4/12)
A5: 2 | B5: =IF('01_Apprenants'!B5="","",'01_Apprenants'!B5) | C5: =IF('01_Apprenants'!C5="","",'01_Apprenants'!C5) | D5: =IF('01_Apprenants'!D5="","",'01_Apprenants'!D5) | Q5: =IF('01_Apprenants'!B5="","",COUNTIF(E5:P5,"V")) | R5: =IF(Q5="","",Q5/12)
A6: 3 | B6: =IF('01_Apprenants'!B6="","",'01_Apprenants'!B6) | C6: =IF('01_Apprenants'!C6="","",'01_Apprenants'!C6) | D6: =IF('01_Apprenants'!D6="","",'01_Apprenants'!D6) | Q6: =IF('01_Apprenants'!B6="","",COUNTIF(E6:P6,"V")) | R6: =IF(Q6="","",Q6/12)
A7: 4 | B7: =IF('01_Apprenants'!B7="","",'01_Apprenants'!B7) | C7: =IF('01_Apprenants'!C7="","",'01_Apprenants'!C7) | D7: =IF('01_Apprenants'!D7="","",'01_Apprenants'!D7) | Q7: =IF('01_Apprenants'!B7="","",COUNTIF(E7:P7,"V")) | R7: =IF(Q7="","",Q7/12)
A8: 5 | B8: =IF('01_Apprenants'!B8="","",'01_Apprenants'!B8) | C8: =IF('01_Apprenants'!C8="","",'01_Apprenants'!C8) | D8: =IF('01_Apprenants'!D8="","",'01_Apprenants'!D8) | Q8: =IF('01_Apprenants'!B8="","",COUNTIF(E8:P8,"V")) | R8: =IF(Q8="","",Q8/12)
A9: 6 | B9: =IF('01_Apprenants'!B9="","",'01_Apprenants'!B9) | C9: =IF('01_Apprenants'!C9="","",'01_Apprenants'!C9) | D9: =IF('01_Apprenants'!D9="","",'01_Apprenants'!D9) | Q9: =IF('01_Apprenants'!B9="","",COUNTIF(E9:P9,"V")) | R9: =IF(Q9="","",Q9/12)
A10: 7 | B10: =IF('01_Apprenants'!B10="","",'01_Apprenants'!B10) | C10: =IF('01_Apprenants'!C10="","",'01_Apprenants'!C10) | D10: =IF('01_Apprenants'!D10="","",'01_Apprenants'!D10) | Q10: =IF('01_Apprenants'!B10="","",COUNTIF(E10:P10,"V")) | R10: =IF(Q10="","",Q10/12)
A11: 8 | B11: =IF('01_Apprenants'!B11="","",'01_Apprenants'!B11) | C11: =IF('01_Apprenants'!C11="","",'01_Apprenants'!C11) | D11: =IF('01_Apprenants'!D11="","",'01_Apprenants'!D11) | Q11: =IF('01_Apprenants'!B11="","",COUNTIF(E11:P11,"V")) | R11: =IF(Q11="","",Q11/12)
A12: 9 | B12: =IF('01_Apprenants'!B12="","",'01_Apprenants'!B12) | C12: =IF('01_Apprenants'!C12="","",'01_Apprenants'!C12) | D12: =IF('01_Apprenants'!D12="","",'01_Apprenants'!D12) | Q12: =IF('01_Apprenants'!B12="","",COUNTIF(E12:P12,"V")) | R12: =IF(Q12="","",Q12/12)
A13: 10 | B13: =IF('01_Apprenants'!B13="","",'01_Apprenants'!B13) | C13: =IF('01_Apprenants'!C13="","",'01_Apprenants'!C13) | D13: =IF('01_Apprenants'!D13="","",'01_Apprenants'!D13) | Q13: =IF('01_Apprenants'!B13="","",COUNTIF(E13:P13,"V")) | R13: =IF(Q13="","",Q13/12)
A14: 11 | B14: =IF('01_Apprenants'!B14="","",'01_Apprenants'!B14) | C14: =IF('01_Apprenants'!C14="","",'01_Apprenants'!C14) | D14: =IF('01_Apprenants'!D14="","",'01_Apprenants'!D14) | Q14: =IF('01_Apprenants'!B14="","",COUNTIF(E14:P14,"V")) | R14: =IF(Q14="","",Q14/12)
A15: 12 | B15: =IF('01_Apprenants'!B15="","",'01_Apprenants'!B15) | C15: =IF('01_Apprenants'!C15="","",'01_Apprenants'!C15) | D15: =IF('01_Apprenants'!D15="","",'01_Apprenants'!D15) | Q15: =IF('01_Apprenants'!B15="","",COUNTIF(E15:P15,"V")) | R15: =IF(Q15="","",Q15/12)
... A33: 30 | B33: =IF('01_Apprenants'!B33="","",'01_Apprenants'!B33) | C33: =IF('01_Apprenants'!C33="","",'01_Apprenants'!C33) | D33: =IF('01_Apprenants'!D33="","",'01_Apprenants'!D33) | Q33: =IF('01_Apprenants'!B33="","",COUNTIF(E33:P33,"V")) | R33: =IF(Q33="","",Q33/12)
A35: Legende des 12 gestes :
A36: 1 Allumer / eteindre
A37: 2 Souris : clic, double-clic, clic droit, glisser
A38: 3 Majuscule, accent, point, virgule
A39: 4 Touches speciales ( ) : _ #
A40: 5 Ouvrir / reduire / fermer une fenetre
A41: 6 Passer d'une fenetre a l'autre
A42: 7 Creer un dossier et le nommer
A43: 8 Enregistrer au bon endroit
A44: 9 Retrouver un fichier enregistre
A45: 10 Ouvrir Thonny et lancer un programme
A46: 11 Copier le projet depuis le dossier officiel
A47: 12 Taper 20 mots sans regarder ses doigts

Sheet 09_Checklist-S01
A1: CHECKLIST DE PREPARATION - SEANCE 1
A2: Tout ce qui doit etre fait avant, pendant et apres la seance 1. Cochez au fur et a mesure. Le tableau de bord compte ce qui reste.
A3: Quand | B3: Tache | C3: Responsable | D3: Fait ? | E3: Date | F3: Remarques
A4: J-7 | B4: Coder le jeu XO termine et le tester sur la machine de demo (c'est le WOW : sans lui, la seance perd son moteur) | C4: Capitaine | D4: A faire
A5: J-7 | B5: Installer Python + Thonny sur TOUTES les machines, meme version | C5: Les deux | D5: A faire
A6: J-7 | B6: Lancer un programme sur CHAQUE poste pour verifier (lancer 4-outils/verifier_un_poste.py) | C6: Les deux | D6: A faire
A7: J-7 | B7: Creer le dossier GEEKS sur le Bureau de chaque poste (4-outils/installer_dossier_geeks.py) | C7: Mecanicien | D7: A faire
A8: J-7 | B8: Regler la police de Thonny en taille 18 sur tous les postes et sur la machine de projection | C8: Mecanicien | D8: A faire
A9: J-7 | B9: Preparer la cle USB maitresse (4-outils/preparer_cle_usb.py) | C9: Capitaine | D9: A faire
A10: J-7 | B10: Verifier le videoprojecteur AVEC le cable et la machine du jour | C10: Capitaine | D10: A faire
A11: J-7 | B11: Reserver la salle 30 min avant (Sas Permis Machine) | C11: Les deux | D11: A faire
A12: J-1 | B12: Imprimer 01 - Cartes de signalisation (1 page par binome, papier epais) | C12: Mecanicien | D12: A faire
A13: J-1 | B13: Imprimer 02 - Affiche 3 avant moi (A3) | C13: Mecanicien | D13: A faire
A14: J-1 | B14: Imprimer 03 - Affiche Contrat des Geeks (A3) | C14: Mecanicien | D14: A faire
A15: J-1 | B15: Imprimer 04 - Affiche Dictionnaire des erreurs (A3) | C15: Mecanicien | D15: A faire
... A46: Apres | B46: Echanger les roles pour la seance 2 | C46: Les deux | D46: A faire

Sheet 10_Journal-enseignants
A1: REVUE D'APRES-SEANCE - 15 MINUTES, A DEUX
A2: A remplir juste apres chaque seance, avant de rentrer. C'est le meilleur outil de preparation de la seance suivante qui existe.
A3: Seance | B3: Date | C3: Capitaine | D3: Mecanicien | E3: Presents | F3: Q1 - Qui a decroche, et qu'est-ce qu'on fait samedi ? | G3: Q2 - Quelle explication n'a pas marche, et comment on la reformule ? | H3: Q3 - La brique de la semaine prochaine est-elle trop grosse ? | I3: Notion la plus citee sur les post-it | J3: Decisions prises
A4: S01
A5: S02
A6: S03
A7: S04
A8: S05
A9: S06
A10: S07
A11: S08
A12: S09
A13: S10
A14: S11
A15: S12
... A25: S22

Sheet 11_Materiel
A1: MATERIEL ET INVENTAIRE
A2: Ce qu'il faut imprimer, acheter, installer. Mettez le statut a jour : le tableau de bord compte ce qui reste.
A3: Categorie | B3: Article | C3: Quantite prevue | D3: Quantite reelle | E3: Ou / qui | F3: Statut | G3: Cout | H3: Remarques
A4: Impression | B4: Cartes de signalisation (1 page / binome) | C4: 10 | F4: A faire | H4: Papier epais 160g + plastification
A5: Impression | B5: Affiches A3 (3 avant moi, Contrat, Erreurs) | C5: 3 | F5: A faire | H5: Couleur
A6: Impression | B6: Mur de Mission A3 paysage | C6: 1 | F6: A faire | H6: A coller sur papier kraft si possible
A7: Impression | B7: Fiche memo eleve | C7: 10 | F7: A faire | H7: 1 par binome
A8: Impression | B8: Cartes des pistes Rouge/Noire | C8: 10 | F8: A faire | H8: 1 par binome
A9: Impression | B9: Station 1 - cartes-missions | C9: 6 | F9: A faire | H9: A decouper
A10: Impression | B10: Station 2 - enigmes (recto-verso) | C10: 6 | F10: A faire
A11: Impression | B11: Station 3 - Ma fiche de Geek | C11: 20 | F11: A faire | H11: 1 par eleve
A12: Impression | B12: Grille d'observation + corriges | C12: 2 | F12: A faire | H12: PAGES 2-3 = CORRIGES, ne pas laisser trainer
A13: Impression | B13: Etiquettes prenoms | C13: 3 | F13: A faire | H13: 24 etiquettes, a decouper
A14: Impression | B14: Affiche Aider sans faire a la place | C14: 2 | F14: A faire | H14: Cote enseignants
A15: Impression | B15: MON-SCRIPT d'animation | C15: 1 | F15: A faire | H15: 14 pages, agrafe
A16: Achat | B16: Post-it | C16: 2 | F16: A faire | H16: PAR ELEVE ET PAR SEANCE - prevoir large
A17: Achat | B17: Feutres noirs pointe large | C17: 4 | F17: A faire | H17: Etiquettes et affiches
A18: Achat | B18: Gommettes de couleur (= badges) | C18: 1 | F18: A faire | H18: Une couleur par badge
A19: Achat | B19: Ruban adhesif / porte-badges | C19: 1 | F19: A faire
A20: Achat | B20: Boite ou bocal pour les post-it de sortie | C20: 1 | F20: A faire
A21: Achat | B21: Minuteur visible de toute la salle | C21: 1 | F21: A faire | H21: Ou un chronometre projete
A22: Achat | B22: Cle USB | C22: 1 | F22: A faire | H22: Contenu : voir 4-outils/LISEZ-MOI.md
A23: Salle | B23: Videoprojecteur teste avec le cable du jour | C23: 1 | F23: A faire
A24: Salle | B24: Machine de reserve allumee au fond | C24: 1 | F24: A faire
A25: Salle | B25: Mur libre pour les affiches | C25: 1 | F25: A faire
A26: Salle | B26: Disposition : tous les ecrans visibles depuis le fond | C26: 1 | F26: A faire | H26: Jamais en epi dos au mur
A27: Logiciel | B27: Python 3 installe (meme version partout) | F27: A faire | H27: Version utilisee : ...............
A28: Logiciel | B28: Thonny installe | F28: A faire | H28: Police reglee sur 18
A29: Logiciel | B29: Dossier GEEKS cree sur chaque Bureau | F29: A faire | H29: Via 4-outils/installer_dossier_geeks.py
B31: TOTAL des couts saisis | G31: =SUM(G4:G29)

Sheet 12_Tableau-de-bord
A1: TABLEAU DE BORD
A2: Tout se calcule automatiquement a partir des autres onglets. A regarder une fois par mois, et avant chaque reunion.
A4: L'EFFECTIF
A5: Indicateur | B5: Valeur | C5: Cible | D5: Que faire si on est hors cible
A6: Eleves inscrits | B6: =COUNTA('01_Apprenants'!B4:B33) | D6: Total des lignes remplies dans 01_Apprenants.
A7: dont Jerusalem Geeks (9-12) | B7: =COUNTIF('01_Apprenants'!D4:D33,"Jerusalem*")
A8: dont Jeremiah Geeks (12-18) | B8: =COUNTIF('01_Apprenants'!D4:D33,"Jeremiah*")
A9: Binomes a prevoir (arrondi au superieur) | B9: =ROUNDUP(B6/2,0) | C9: max 12 | D9: Au-dela de 24 eleves par classe avec 2 enseignants, il faut un 3e encadrant : le dire aux responsables AVANT la rupture.
A10: Eleves actifs | B10: =COUNTIF('01_Apprenants'!AA4:AA33,"Actif")
A12: LES PROFILS (apres le Test de Decollage)
A13: P0 Decouvreur - ne maitrise pas la machine | B13: =COUNTIF('02_Diagnostic'!K4:K33,"P0*") | D13: Piste Bleue, squelette de code fourni, binome P1, vue de pres 3x par seance.
A14: P1 Initie - sait s'en servir, n'a jamais code | B14: =COUNTIF('02_Diagnostic'!K4:K33,"P1*") | D14: C'est la cible standard du cours. Piste Rouge.
A15: P2 Autonome | B15: =COUNTIF('02_Diagnostic'!K4:K33,"P2*") | D15: Piste Rouge puis Noire. Geek Mentor a partir de la seance 4.
A16: P3 Avance - sait deja coder | B16: =COUNTIF('02_Diagnostic'!K4:K33,"P3*") | D16: Piste Noire systematique + mission speciale sur un module bonus.
A17: Eleves diagnostiques | B17: =COUNTA('02_Diagnostic'!K4:K33) | C17: =effectif | D17: Si l'ecart persiste apres la seance 2, completer le diagnostic des absents.
A19: LA SANTE DU DISPOSITIF
A20: Taux de presence moyen | B20: =IFERROR(AVERAGE('03_Presence'!AC4:AC33),"") | C20: > 85 % | D20: Sous 85 % : enqueter aupres des familles. L'absence est le premier facteur d'abandon.
A21: Eleves sur la LISTE DES 10 MINUTES | B21: =COUNTIF('04_Suivi-seances'!AD4:AD33,"OUI") | C21: 0 | D21: Deux seances de suite sans production. Chacun doit avoir un tete-a-tete de 10 min a la prochaine seance.
A22: Briques produites (toutes seances, tous eleves) | B22: =SUM('04_Suivi-seances'!AA4:AA33)
A23: Seances manquees sans production | B23: =SUM('04_Suivi-seances'!AC4:AC33) | C23: le plus bas possible
A24: Observations sans action realisee | B24: =COUNTIF('05_Observations'!I4:I120,"A faire")+COUNTIF('05_Observations'!I4:I120,"En cours") | C24: 0 | D24: Une observation sans action decidee et faite ne sert a rien.
A25: Badges distribues | B25: =SUM('07_Badges-Grades'!R4:R33) | D25: Objectif : au moins 1 badge par eleve et par seance.
A27: L'EQUITE (a surveiller de pres)
A28: Eleves SANS ordinateur a la maison | B28: =COUNTIF('01_Apprenants'!W4:W33,"Non") | D28: AUCUN devoir ne doit jamais etre obligatoire. Le redire a voix haute a chaque distribution de defi.
A29: Eleves sans internet a la maison | B29: =COUNTIF('01_Apprenants'!X4:X33,"Non") | D29: Rien dans le cours ne doit dependre d'internet.
A30: Eleves n'ayant jamais code | B30: =COUNTIF('02_Diagnostic'!G4:G33,"Jamais")
A31: Passeport Machine : moyenne des gestes acquis | B31: =IFERROR(AVERAGE('08_Passeport'!Q4:Q33),"") | C31: 12 en fin de parcours | D31: Le geste 12 (frappe au clavier) est un objectif de fin d'annee, pas de debut.
A32: Autorisations photo obtenues | B32: =COUNTIF('01_Apprenants'!V4:V33,"Oui") | D32: Aucune photo d'eleve utilisee sans accord ecrit.
A34: LA PREPARATION DE LA SEANCE 1
A35: Taches de preparation restantes | B35: =COUNTIF('09_Checklist-S01'!D4:D46,"A faire")+COUNTIF('09_Checklist-S01'!D4:D46,"En cours") | C35: 0 | D35: Detail dans l'onglet 09.
A36: Taches faites | B36: =COUNTIF('09_Checklist-S01'!D4:D46,"Fait")
A37: Avancement de la preparation | B37: =IFERROR(B36/(B36+B35),"") | C37: 100 %
A38: Materiel non encore pret | B38: =COUNTIF('11_Materiel'!F4:F29,"A faire")+COUNTIF('11_Materiel'!F4:F29,"En cours") | C38: 0 | D38: Detail dans l'onglet 11.
A40: RAPPEL : l'indicateur le plus important du programme n'est pas dans ce tableau.
A41: C'est celui-ci : 100 % des eleves repartent-ils de chaque seance avec un jeu qui fonctionne ? Si la reponse est non, on allege la brique ou on renforce la piste Bleue -- on ne demande pas aux eleves d'aller plus vite.

Sheet 13_Listes
A1: LISTES DE CHOIX
A2: Ces colonnes alimentent les menus deroulants des autres onglets. Vous pouvez ajouter des valeurs a la suite : elles apparaitront automatiquement.
A3: Classe | B3: Profil | C3: Presence | D3: Production | E3: Oui/Non | F3: Attitude | G3: Grade | H3: Type d'observation | I3: Statut eleve | J3: Quand | K3: Fait ? | L3: Lien de parente | M3: Ordi maison | N3: Internet maison | O3: Deja code | P3: Niveau anglais | Q3: Coche
A4: Jerusalem Geeks | B4: P0 Decouvreur | C4: P present | D4: V-Bleue | E4: Oui | F4: abandonne | G4: Novice | H4: Reussite | I4: Actif | J4: J-7 | K4: A faire | L4: Mere | M4: Oui a moi | N4: Oui | O4: Jamais | P4: Non | Q4: V
A5: Jeremiah Geeks | B5: P1 Initie | C5: R retard | D5: V-Rouge | E5: Non | F5: demande | G5: Apprenti Codeur | H5: Difficulte | I5: En pause | J5: J-1 | K5: En cours | L5: Pere | M5: Oui partage | N5: Parfois | O5: Scratch | P5: Un peu
B6: P2 Autonome | C6: E excuse | D6: V-Noire | F6: persevere | G6: Codeur | H6: Comportement | I6: Parti | J6: Jour J | K6: Fait | L6: Tuteur/Tutrice | M6: Non | N6: Non | O6: Python | P6: Oui
B7: P3 Avance | C7: A absent | D7: Partielle | F7: aide les autres | G7: Ingenieur | H7: Famille | J7: Pendant | L7: Grand-parent | O7: Autre
D8: Rien | G8: Architecte | H8: Sante | J8: Apres | L8: Frere/Soeur
G9: Maitre Geek | H9: Materiel | L9: Autre
H10: Autre
